{
  "project_info": {
    "project_number": "29068756705",
    "project_id": "krateasy-f9dee",
    "storage_bucket": "krateasy-f9dee.firebasestorage.app"
  },
  "client": [
    {
      "client_info": {
        "mobilesdk_app_id": "1:29068756705:android:61730eb895c0882792d9a0",
        "android_client_info": {
          "package_name": "com.krat.kratEasyApp"
        }
      },
      "oauth_client": [
        {
          "client_id": "29068756705-o80cc3ismo8k9h2lil7mq88pfg2f67lf.apps.googleusercontent.com",
          "client_type": 1,
          "android_info": {
            "package_name": "com.krat.kratEasyApp",
            "certificate_hash": "d1a07a0896a6d88da4ace3ee322b7fb18e60583f"
          }
        },
        {
          "client_id": "29068756705-lq4e76ogs4d7ghm8s5tbqg785l30ckna.apps.googleusercontent.com",
          "client_type": 3
        }
      ],
      "api_key": [
        {
          "current_key": "AIzaSyDtJgEP8SOfjQwG9ueBEShKnf6xIOXqY6k"
        }
      ],
      "services": {
        "appinvite_service": {
          "other_platform_oauth_client": [
            {
              "client_id": "29068756705-lq4e76ogs4d7ghm8s5tbqg785l30ckna.apps.googleusercontent.com",
              "client_type": 3
            },
            {
              "client_id": "29068756705-e2po28gd8bvranb4qhfh0mtjm0nt31td.apps.googleusercontent.com",
              "client_type": 2,
              "ios_info": {
                "bundle_id": "com.krat.kratEasyApp"
              }
            }
          ]
        }
      }
    }
  ],
  "configuration_version": "1"
}
