{"flutter":{"platforms":{"android":{"default":{"projectId":"krateasy-f9dee","appId":"1:29068756705:android:61730eb895c0882792d9a0","fileOutput":"android/app/google-services.json"}},"dart":{"lib/firebase_options.dart":{"projectId":"krateasy-f9dee","configurations":{"android":"1:29068756705:android:61730eb895c0882792d9a0","ios":"1:29068756705:ios:04c069e7746a4fa292d9a0"}}},"ios":{"default":{"projectId":"krateasy-f9dee","appId":"1:29068756705:ios:04c069e7746a4fa292d9a0","uploadDebugSymbols":false,"fileOutput":"ios/Runner/GoogleService-Info.plist"}}}}}